PDBID,RS-RMSD,IM-RMSD,RS-TMScore,IM-TMScore,AF-RMSD,AF-TMSCORE,RF-RMSD,RF-TMSCORE,Seq-Length,Buffer-Gas,METHOD,UR-AF-CCS,UR-RF-CCS,RS-CCS,IM-CCS,EXP-CCS,IM-Confident,VoronotaMQ,P3CMQA,Native-RG,Min-RG,MinRG-RMSD,MinRG-TMScore,CLASS,ARCHITECTURE
2MLT,6.93,4.83,0.4352,0.4434,1.2947402,0.5753,1.130067587,0.6081,26,He,Abinitio,578.612,568.023,484.562,532.853,581,0.845233273,0.141,0.199,11.585,7.72,8.766,0.379,Cath Unclassified,Cath Unclassified 
1FD3,9.52,8.45,0.2195,0.308,0.714023411,0.9062,0.596895576,0.9184,41,He,Abinitio,632.209,632.091,624.042,602.901,598,-1.475041297,0.287,0.067,9.16,8.489,9.047,0.345,Alpha Beta,"Roll"
3INS,1.997,1.836,0.788,0.795,1.544425964,0.9475,1.643905282,0.8165,51,He,HM,727.52,713.041,686.931,688.922,757,-2.472273221,0.511,0.180,9.951,9.591,1.729,0.803,Cath Unclassified,Cath Unclassified 
6PTI,8.65,6.59,0.2778,0.3347,0.337256551,0.9821,0.512074232,0.9606,56,He,Abinitio,791.93,782.404,826.929,791.277,775,-1.616434216,0.329,0.475,10.941,10.001,10.209,0.248,Few Secondary Structures,"Irregular"
1UBQ,2.87,2.97,0.7434,0.6966,0.833097756,0.9586,1.124505877,0.9367,76,He,Abinitio,928.351,961.466,905.868,921.344,930,-2.907975139,0.492,0.911,11.634,11.286,4.142,0.568,Alpha Beta,"Roll"
1LDS,15.60,10.42,0.2471,0.302,3.119101048,0.8774,3.088417768,0.8653,97,He,Abinitio,1211.2,1217.68,1286.94,1207.33,1142,-1.292109056,0.357,0.158,14.06,13.259,12.760,0.213,Mainly Beta,"Sandwich"
1HRC,13.65,13.65,0.2082,0.2082,0.472356498,0.9846,1.046441793,0.9353,104,He,Abinitio,1112.28,1165.62,1201.34,1200.51,1196,-2.063064627,0.272,0.238,12.76,12.498,10.700,0.261,Mainly Alpha,"Orthogonal Bundle"
1HFX,4.32,2.91,0.8293,0.8182,1.564883709,0.9422,1.857488751,0.908,123,He,Abinitio,1290.25,1275.63,1263.83,1330.95,1342,-1.993786583,0.408,0.803,14.024,13.592,7.195,0.674,Mainly Alpha,"Orthogonal Bundle"
1FS3,6.98,6.98,0.5977,0.5977,0.472027689,0.9875,1.350375295,0.9228,124,He,Abinitio,1279.17,1298.48,1307.69,1306.57,1300,-2.117424444,0.368,0.556,14.455,13.594,13.721,0.200,Alpha Beta,"Roll"
1DPX,9.89,9.89,0.5159,0.5159,0.429066122,0.9899,0.676077187,0.9755,128,He,Abinitio,1255.74,1271.44,1322.57,1325.29,1313,-2.09670369,0.402,0.509,13.716,13.384,14.922,0.233,Mainly Alpha,"Orthogonal Bundle"
1CFD,13.33,8.15,0.384,0.4028,6.063529491,0.446,11.09918022,0.4112,148,He,Abinitio,1651.74,1660.82,1509.15,1733.76,1750,-2.221838725,0.392,0.741,18.501,14.534,14.571,0.369,Mainly Alpha,"Orthogonal Bundle"
6DAH,5.352,5.352,0.6882,0.6882,7.085188389,0.5619,8.844107628,0.4885,151,He,HM,1716.35,1672.46,1663.64,1666.04,1913,-2.717837616,0.353,0.878,21.548,15.327,16.819,0.451,Cath Unclassified,Cath Unclassified 
1VXG,15.04,5.15,0.2985,0.5727,0.660836518,0.985,0.70975554,0.979,153,He,Abinitio,1433.22,1471.71,1523.6,1459.73,1459,-2.444811093,0.462,0.713,15.042,14.506,16.637,0.270,Mainly Alpha,"Orthogonal Bundle"
1BEB,2.56,2.56,0.8672,0.8672,1.523799539,0.9536,1.505391121,0.9251,156,He,HM,1475.7,1495.76,1489.83,1490.47,1620,-2.552119808,0.517,0.835,14.513,13.919,2.770,0.844,Mainly Beta,Beta Barrel
3VWI,2.87,2.87,0.8073,0.8073,0.698203385,0.9861,0.92988795,0.9716,179,N2,HM,1524,1570.25,1509.78,1508.95,1838,-1.917565642,0.490,0.733,15.047,14.438,7.458,0.666,Mainly Beta,"Sandwich"
1YTQ,17.70,5.04,0.4625,0.7034,19.68399811,0.4754,19.63173866,0.4694,204,N2,HM,2007.53,1867.31,1817.43,2033.9,2184,-3.440932404,0.481,0.846,24.178,16.724,17.924,0.462,Mainly Beta,"Sandwich"
1EX3,2.05,2.05,0.9264,0.9264,1.687462926,0.9542,2.523308992,0.905,245,He,HM,1849.9,1793.97,1818.96,1821.93,2040,-2.668532694,0.489,0.916,16.414,15.891,5.921,0.817,Mainly Beta,"Beta Barrel"
1BN1,2.28,2.28,0.5197,0.5197,0.327695787,0.997,0.870571554,0.5085,259,He,HM,1985.63,2011,2029.41,2028.4,2080,-2.587104752,0.506,0.872,17.364,16.218,6.161,0.441,Alpha Beta,"Roll"
1J7N,13.04,13.13,0.7399,0.7182,13.3583374,0.8551,9.684835434,0.8492,293,N2,HM,2630.1,2453.93,2451.8,2323.54,2480,-2.514421886,0.456,0.658,18.836,17.702,10.161,0.767,Alpha Beta,"3-Layer(aba) Sandwich Alpha-Beta Complex Orthogonal Bundle"
1QOY,5.17,1.77,0.919,0.9501,4.327450752,0.9155,2.370878696,0.9312,300,N2,HM,2844.77,2724.66,2649.13,2670.56,2866,-3.568050752,0.488,0.599,29.029,22.392,29.129,0.290,Mainly Alpha,"Up-down Bundle"
1OVA,4.04,4.04,0.8809,0.8809,1.640991807,0.97,1.972366929,0.9471,386,He,HM,2676.63,2599.46,2656.12,2656.12,3010,-2.945636891,0.558,0.927,22.081,20.73,9.832,0.797,Mainly Beta Alpha Beta,"Roll 2-Layer Sandwich"
4H2A,6.29,2.97,0.9408,0.9441,3.549777031,0.9515,8.197649956,0.7148,569,N2,HM,4162.79,3991.81,4069.57,4145.1,4316,-3.291498245,0.464,0.870,28.017,26.392,6.404,0.893,Alpha Beta Mainly Beta,"Alpha-Beta Complex Sandwich Roll"
4F5S,2.53,2.53,0.9309,0.9309,1.363927603,0.9757,4.922332764,0.8465,583,He,HM,3982.37,3996.6,3876.52,3876.88,3900,-3.027528159,0.529,0.938,26.579,25.888,2.874,0.918,Mainly Alpha,"Orthogonal Bundle"
3QYT,5.35,5.35,0.8483,0.8483,4.498595715,0.8706,10.93252563,0.7279,679,N2,HM,4136.82,4167.26,4085.12,4097.32,4410,-3.047996211,0.560,0.959,27.652,26.073,14.219,0.620,Alpha Beta,"3-Layer(aba) Sandwich"
1LFG,1.53,1.53,0.9747,0.9747,1.033145666,0.9882,17.11985779,0.7365,691,N2,HM,4220.19,4226.03,4163.99,4147.39,4580,-3.159796368,0.552,0.966,29.092,25.981,11.493,0.550,Alpha Beta,"3-Layer(aba) Sandwich"
