PDBID,CHAINID,Seq-Length,RS-RMSD,IM-RMSD,RS-TMScore,IM-TMScore,AF-RMSD,AF-TMSCORE,RF-RMSD,RF-TMSCORE,METHOD,UR-AF-CCS,UR-RF-CCS,RS-CCS,IM-CCS,R-NATIVE-CCS,IM-Confident,VoronotaMQ,P3CMQA,Native-RG,Min-RG,MinRG-RMSD,MinRG-TMScore,CLASS,ARCHITECTURE
1IZ4,A,249,2.52,2.81,0.86,0.83,11.54,0.53,2.06,0.91,HM,2247.05,2094.81,2062.75,2078.95,2083.3,-3.526647356,0.613,0.984,19.398,18.901,2.357,0.88,AlphaBeta,Box
1JMA,A,290,5.65,5.5,0.89,0.89,8.02,0.9,2.83,0.91,HM,2282.43,2161.01,2160.59,2218.33,2225.71,-3.089620836,0.497,0.862,18.644,17.606,8.461,0.863,MainlyBeta,DistortedSandwich
1K7G,A,479,2.09,2.09,0.96,0.96,0.64,0.99,2.13,0.94,HM,3085.88,3029.27,3086.97,3096.71,3087.58,-3.061312024,0.445,0.926,25.838,25.393,2.311,0.951,"MainlyBeta,AlphaBeta","2Solenoid,3-Layer(aba)Sandwich"
1KB0,A,677,3.17,3.17,0.93,0.93,9.73,0.87,1.86,0.96,HM,3914.97,3657.21,3610.01,3620.74,3611.91,-2.972070405,0.508,0.883,23.864,23.204,3.258,0.925,"MainlyBeta,MainlyAlpha","8Propeller,OrthogonalBundle"
1KTU,A,143,16.76,12.07,0.25,0.33,5.24,0.69,5.27,0.69,Abinitio,1606.91,1492.45,1502.87,1526.4,1629.91,-2.338667471,0.379,0.346,16.202,14.78,17.324,0.237,AlphaBeta,3-Layer(aba)Sandwich
1LI1,A,229,1.69,1.25,0.94,0.96,0.65,0.99,1.45,0.95,HM,2141.91,2077.87,2066.18,2083.58,2042.25,-2.812426577,0.47,0.83,18.701,18.028,2.121,0.929,MainlyBeta,BetaComplex
1N7V,A,555,31.46,32.66,0.17,0.17,36.09,0.21,31.48,0.53,HM,5776.5,4574.31,3654,4195.49,4203.89,-1.59879512,0.274,0.017,38.388,23.903,34.29,0.158,MainlyBeta,3Propeller
1NLT,A,248,13.7,11.91,0.63,0.64,1.99,0.91,7.35,0.68,HM,2644.53,2588.05,2380.52,2633.83,2627.43,-2.302544421,0.435,0.515,31.17,22.115,21.852,0.579,MainlyBeta,"Ribbon,Sandwich"
1OKC,A,297,2.53,2.52,0.91,0.91,1.31,0.97,2.68,0.9,HM,2526.45,2337.21,2374.85,2459.93,2447.93,-2.613141605,0.374,0.879,20.207,18.913,4.303,0.861,MainlyAlpha,Alpha/alphabarrel
1QHU,A,460,20.08,14.21,0.41,0.44,1.61,0.97,14.39,0.61,HM,2882.92,2907.3,3224.34,2853.44,2825,-1.981287726,0.49,0.457,23.356,21.089,19.668,0.43,MainlyBeta,4Propeller
1QQC,A,773,5.38,5.38,0.806,0.806,3.878,0.901,18.225,0.689,HM,4801.87,4935.72,4713.5,4716.04,4925.68,-3.246545783,0.57,0.967,31.563,28.184,7.646,0.738,"AlphaBeta,MainlyAlpha","2-LayerSandwich,Alpha-BetaComplex,OrthogonalBundle"
1R3F,A,314,2.81,2.81,0.9,0.9,2.46,0.92,2.33,0.91,HM,2429.54,2452.64,2433.69,2430.09,2428.33,-3.243775124,0.503,0.98,22.528,22.253,2.494,0.936,"AlphaBeta,MainlyBeta","2-LayerSandwich,Roll"
1RNE,A,340,1.02,1.02,0.978,0.978,1.301,0.98,7.782,0.789,HM,2388.05,2392.81,2376.58,2373.88,2335.37,-3.488485867,0.582,0.989,19.926,19.351,1.464,0.957,MainlyBeta,BetaBarrel
1SUU,A,312,5.18,4.7,0.77,0.77,0.77,0.99,1.78,0.93,HM,2159.04,2173.1,2281.52,2224.22,2153.4,-2.827615456,0.517,0.852,17.995,18.503,4.968,0.775,MainlyBeta,6Propeller
1T9F,A,187,1.64,1.64,0.94,0.94,1.04,0.98,1.1,0.96,HM,1524.83,1491.91,1494.68,1495.69,1522.38,-3.27459698,0.491,0.975,15.064,14.846,1.916,0.94,MainlyBeta,Trefoil
1YNF,A,458,0.88,0.79,0.99,0.99,0.7,0.99,1,0.99,HM,2710.43,2737.39,2735.19,2721.52,2712.68,-3.447191185,0.518,0.986,20.859,20.641,0.918,0.988,AlphaBeta,5-strandedPropeller
1YU0,A,381,2.59,2.57,0.93,0.93,6.14,0.89,5.33,0.89,HM,2815.58,2733.38,2813.04,2832.44,2845.13,-3.345285051,0.408,0.932,26.384,23.476,7.571,0.863,"AlphaBeta,MainlyBeta","Alpha-BetaComplex,Ribbon,Trefoil"
1ZVC,A,189,0.82,0.82,0.98,0.98,0.91,0.98,1.04,0.96,HM,1574.1,1602.21,1576.53,1572.85,1561.76,-3.474751272,0.492,0.842,15.905,15.73,1.52,0.956,MainlyBeta,BetaBarrel
2F3L,A,184,0.97,0.97,0.96,0.96,0.33,0.99,0.57,0.98,HM,1185.59,1225.68,1180.32,1177.95,1199.37,-2.751600463,0.504,1,13.399,13.155,0.947,0.957,MainlyBeta,3Solenoid
2FM9,A,215,4.226,3.701,0.808,0.816,20.118,0.461,2.279,0.912,HM,2070.6,1877.88,1746.69,1823.02,1824.56,-3.093674044,0.483,0.841,17.027,15.768,11.142,0.552,MainlyAlpha,OrthogonalBundle
2GD5,A,179,6.47,4.45,0.79,0.89,9.31,0.9,3.84,0.89,HM,1729.84,1749.63,1702.39,1744.15,1726.18,-2.632969582,0.38,0.901,21.779,19.412,9.912,0.829,Special,Helixnon-globular
2ISB,A,192,2.45,1.38,0.93,0.95,1.32,0.96,2.16,0.94,HM,1661.69,1678.8,1609.04,1671.3,1674.76,-3.089356974,0.587,0.924,15.763,15.075,2.616,0.899,AlphaBeta,Alpha-BetaBarrel
2JAI,A,289,0.7,0.7,0.99,0.99,0.39,1,1.07,0.97,HM,2008.19,2060.64,2002.69,2001.51,2029.21,-3.473268085,0.565,0.983,17.155,16.95,0.8,0.984,AlphaBeta,5-strandedPropeller
2P8H,A,405,1.727,1.727,0.963,0.963,1.225,0.983,9.218,0.799,HM,2683.68,2613.24,2663.77,2665.61,2631.8,-3.173099604,0.536,0.935,20.714,20.014,1.821,0.954,MainlyBeta,BetaBarrel
2QGQ,A,304,1.26,1.26,0.97,0.97,1.09,0.97,1.44,0.96,HM,2246.27,2271.76,2226.39,2224.85,2241.23,-3.614340866,0.557,0.961,19.623,19.261,1.279,0.962,AlphaBeta,Alpha-BetaHorseshoe
2QSD,A,187,17.67,15.45,0.17,0.21,2.16,0.94,1.82,0.94,HM,1491.83,1485.81,1688.84,1546.06,1488.35,-1.043243231,0.242,0.025,15.841,15.328,13.971,0.223,AlphaBeta,3-Layer(bba)Sandwich
2ZZQ,A,552,12.847,6.678,0.722,0.756,16.232,0.662,15.013,0.654,HM,3534.12,3314.61,3249.23,3608.09,3660.41,-2.822786181,0.51,0.94,29.551,22.427,17.476,0.69,MainlyBeta,"Sandwich,BetaBarrel"
3A1Y,A,58,3.82,1.86,0.69,0.85,0.5,0.96,0.42,0.97,Abinitio,806.354,801.293,731.571,769.67,767.751,-2.716515598,0.445,0.704,11.359,9.929,2.885,0.585,MainlyAlpha,OrthogonalBundle
3BXO,A,239,1.33,1.33,0.96,0.96,1.78,0.98,1.78,0.97,HM,1822.15,1885.49,1857.99,1856.14,1855.18,-3.504745399,0.53,0.951,17.855,17.406,1.647,0.956,"AlphaBeta,MainlyBeta","3-Layer(aba)Sandwich,SingleSheet"
3C7X,A,196,1.74,1.74,0.92,0.92,0.66,0.99,1.18,0.95,HM,1720.26,1730.76,1699.7,1698.33,1699.81,-3.323952043,0.607,0.947,16.118,15.963,2.173,0.905,MainlyBeta,4Propeller
3CPW,K,165,14.63,10.85,0.42,0.39,1.8,0.89,9.77,0.56,HM,2075.31,2097.8,1868.45,2036.69,2010.39,-1.194413168,0.265,0.348,28.659,14.826,24.648,0.401,"FewSecondaryStructures,AlphaBeta","Irregular,RibosomalProteinL15;Chain:K;domain2"
3E8T,A,220,8.98,8.07,0.56,0.57,0.7,0.98,1.12,0.96,HM,1942.77,1942.49,2057.85,1974.89,1903.11,-2.284443835,0.49,0.523,19.842,20.006,8.592,0.578,AlphaBeta,SuperRoll
3EB7,A,589,2.31,2.3,0.95,0.95,1.01,0.99,2.08,0.95,HM,3611.93,3585.34,3676.62,3628.42,3613.61,-3.054182441,0.542,0.823,25.455,25.233,2.608,0.935,"MainlyBeta,MainlyAlpha","AlignedPrism,Sandwich,Up-downBundle"
3EF6,A,410,1.89,1.89,0.94,0.94,0.81,0.99,1.26,0.97,HM,2741.04,2763.61,2753.49,2756.3,2728.01,-3.033173627,0.548,0.95,22.104,21.546,2.245,0.929,AlphaBeta,3-Layer(bba)Sandwich
3ENI,A,365,1.51,1.54,0.96,0.96,10.17,0.6,2.01,0.93,HM,2965.68,2702.26,2770.66,2818.67,2756.46,-3.145953708,0.434,0.885,22.718,21.698,1.715,0.947,MainlyBeta,Clam
3G91,A,265,1.95,1.95,0.96,0.96,0.92,0.99,1.09,0.98,HM,2075.62,2091.09,2077.03,2078.41,2101.68,-3.472938252,0.57,0.948,17.39,17.2,1.915,0.946,AlphaBeta,4-LayerSandwich
3GUA,A,217,1.95,1.95,0.96,0.96,0.99,0.97,1.65,0.94,HM,2125.98,2119.13,1968.92,2115.69,2118.84,-3.502544558,0.493,0.928,21.065,19.126,5.34,0.902,MainlyBeta,DistortedSandwich
3KYJ,A,129,12.12,2.24,0.71,0.84,0.4,0.99,0.98,0.95,Abinitio,1245.7,1247.4,1306.94,1250.8,1234.36,-2.654270291,0.478,0.945,14.382,13.928,14.19,0.356,MainlyAlpha,Up-downBundle
3M7M,X,235,4.76,4.76,0.77,0.77,1.22,0.97,1.3,0.96,HM,1937.47,1925.91,1894.6,1894.14,1913.49,-2.750223089,0.494,0.644,17.253,16.217,4.636,0.743,"AlphaBeta,MainlyAlpha","3-Layer(bab)Sandwich,OrthogonalBundle"
3N99,A,290,0.8,0.8,0.99,0.99,0.73,0.99,0.88,0.98,HM,2104.16,2117.32,2087.73,2082.29,2084.46,-3.63527887,0.518,0.904,17.916,17.813,0.714,0.987,"MainlyBeta,FewSecondaryStructures","3-layerSandwich,BetaBarrel,Irregular"
3ODJ,A,196,2.47,3.31,0.91,0.91,13.93,0.8,5.53,0.82,HM,1807.27,1561.26,1590.34,1616.89,1639.83,-2.512789508,0.417,0.941,16.481,15.12,5.518,0.821,MainlyAlpha,Up-downBundle
3P0Y,A,214,1.11,1.11,0.96,0.96,0.53,0.99,0.99,0.97,HM,1709.93,1727.7,1676.16,1677.77,1691.8,-2.788851915,0.559,0.987,16.484,16.195,1.734,0.944,AlphaBeta,Alpha-BetaHorseshoe
3RST,A,240,2.79,1.5,0.88,0.94,1.05,0.97,1.5,0.95,HM,2200.12,2184.79,2113.84,2134.46,2171.7,-3.354886094,0.496,0.875,20.93,18.382,5.083,0.808,"AlphaBeta,Special","Alpha-BetaComplex,Othernon-globular"
3S2O,A,408,1.279,1.452,0.973,0.97,1.237,0.977,10.129,0.765,HM,2623.3,2627.24,2594.75,2634.09,2615.67,-3.136451977,0.544,0.949,20.912,20.265,2.287,0.935,MainlyBeta,BetaBarrel
3SAE,A,817,2.63,2.63,0.95,0.95,1.95,0.97,12,0.69,HM,4614.63,4777.81,4604.9,4605.87,4581.79,-3.148084341,0.522,0.89,31.589,30.772,3.189,0.927,MainlyAlpha,"Alpha/alphabarrel,OrthogonalBundle"
3VZ9,B,103,6.64,3.82,0.49,0.61,0.75,0.96,1.65,0.89,Abinitio,1350.79,1345.08,1236.85,1324.01,1314.19,-2.595992572,0.455,0.676,15.242,13.077,7.882,0.441,AlphaBeta,2-LayerSandwich
3WPV,A,542,2.34,2.34,0.95,0.95,1.52,0.98,1.73,0.96,HM,3257.64,3237.46,3284.53,3281.46,3291.93,-3.652419699,0.51,0.928,23.364,22.29,7.011,0.919,MainlyBeta,5Propeller
4AI1,A,270,1.47,1.38,0.97,0.97,3.92,0.96,2.08,0.95,HM,2144.3,2032.92,2109.83,2106.4,2087.73,-3.226973624,0.523,0.961,19.705,19.143,3.435,0.924,"Special,MainlyBeta","Othernon-globular,Sandwich"
4D6F,A,599,1.135,1.135,0.985,0.985,1.07,0.992,10.311,0.823,HM,3520.1,3573.26,3556.89,3558.3,3542.06,-3.274349074,0.554,0.955,23.834,23.749,1.721,0.978,"AlphaBeta,MainlyBeta","Alpha-BetaBarrel,2-LayerSandwich,Sandwich"
4E7G,A,419,2.22,2.12,0.95,0.95,2.25,0.95,2.54,0.93,HM,2661.93,2638,2636.98,2668.31,2691.48,-3.645637222,0.576,0.987,22.169,21.229,2.041,0.956,AlphaBeta,Alpha-betaprism
4I1M,A,302,2.61,2.06,0.91,0.93,1.73,0.95,2.01,0.92,HM,2524.45,2470.38,2419.34,2458.35,2456.29,-3.346771356,0.521,0.945,22.807,21.594,3.383,0.901,MainlyAlpha,"AlphaHorseshoe,Up-downBundle"
4QMJ,A,240,1.55,1.55,0.94,0.94,0.56,0.99,1.34,0.95,HM,2038.81,2049.4,2011.27,2008.56,2026.28,-3.352678742,0.543,0.975,19.691,19.288,1.635,0.943,MainlyAlpha,AlphaHorseshoe
4XTK,A,311,2.8,2.8,0.93,0.93,1.78,0.97,2.24,0.96,HM,2490.81,2491.54,2500.19,2500.06,2496.6,-3.503615228,0.522,0.934,20.219,19.791,2.631,0.932,AlphaBeta,RibosomalProteinL15;Chain:K;domain2
5KIS,B,965,2,2.19,0.97,0.97,1.23,0.99,27.98,0.42,HM,4130.08,5283.45,4220.7,4190.28,4130.21,-2.298555511,0.401,0.907,26.635,25.974,1.893,0.969,MainlyBeta,Shell
5LB7,B,78,1.59,1.48,0.86,0.87,0.83,0.97,0.97,0.93,Abinitio,1099.17,1098.26,1044.97,1091.19,1081.62,-2.911395334,0.382,0.915,14.309,13.427,3.247,0.639,MainlyAlpha,Up-downBundle
5MIN,A,453,0.92,0.82,0.99,0.99,0.42,1,1.27,0.97,HM,2843.51,2874.24,2834.45,2854.94,2866.92,-3.683725302,0.499,0.965,21.171,20.565,1.08,0.983,MainlyBeta,6Propeller
5U69,A,369,0.93,0.93,0.98,0.98,0.89,0.98,1.15,0.97,HM,2576.49,2542.7,2550.96,2552.81,2553.86,-3.61324118,0.557,0.968,19.867,19.604,0.91,0.985,MainlyBeta,7Propeller
5VSK,A,353,1.94,1.94,0.94,0.94,1.4,0.97,1.57,0.96,HM,2663.2,2620.28,2630.09,2661.86,2628.74,-3.28897892,0.534,0.965,21.738,21.105,3.383,0.869,MainlyBeta,SingleSheet
6AZZ,A,183,1.77,1.63,0.9,0.91,0.85,0.97,1.39,0.92,HM,1654.67,1679.39,1611.65,1645.11,1647.56,-1.917072898,0.426,0.8,17.474,16.41,2.609,0.82,MainlyBeta,OrthogonalPrism
6S2M,A,133,1.84,1.84,0.87,0.87,0.43,0.99,0.84,0.97,Abinitio,1351.58,1333.79,1340.06,1338.85,1331.61,-2.452605064,0.425,0.969,14.224,14.049,4.849,0.602,Unclassified,Unclassified
